Protein,Position,Sample1,Sample2,Sample3,Sample4,Sample5,Sample6,Sample7,Sample8,Sample9,Sample10,Sample11,Sample12,Sample13,Sample14,Sample15,Sample16,Sample17,Sample18,Sample19,Sample20,Sample21,Sample22,Sample23,Sample24,Sample25,Sample26,Sample27,Sample28,Sample29,Sample30,Sample31,Sample32,Sample33,Sample34,Sample35,Sample36,Sample37,Sample38,Sample39,Sample40,Sample41,Sample42,Sample43,Sample44,Sample45,Sample46
A1A5B6,S560,NaN,NaN,387918.905982776,316725.209890734,323428.335729031,224109.729278791,229134.291926183,304266.959344668,329903.887181608,202144.368161594,221344.937133021,302960.548374824,NaN,371714.303604114,NaN,NaN,179980.676090441,149930.060172029,NaN,NaN,NaN,NaN,NaN,216934.356515392,NaN,NaN,108382.875041929,NaN,164344.095963983,NaN,223067.334658153,93149.7177341362,NaN,NaN,NaN,NaN,NaN,NaN,NaN,NaN,NaN,NaN,NaN,NaN,NaN,NaN
A2A5R2,S1535,684750.243384573,898782.503994658,1076998.50504215,1031678.20811314,1332331.65165989,891298.785709686,1181000.53547856,1892160.15342465,826236.899538415,787892.932648445,671602.159677114,572043.719135849,759260.678570441,818154.678551323,NaN,589070.745982922,896053.526418186,779837.561297466,695369.641746989,NaN,NaN,588265.771008533,NaN,492556.268416591,571696.134421829,657281.213822775,354707.591046313,269516.781789503,188248.691740563,NaN,NaN,NaN,NaN,NaN,NaN,268693.412506678,381776.870717656,215866.42388607,333304.014618252,643605.717456935,NaN,340200.580202771,212402.822149397,NaN,666071.297288241,314872.396441771
A2A5R2,S240,250217.00622925,388448.447150944,283210.717992567,333232.061220544,348530.236412478,395790.118221718,284651.411115345,431678.748570248,194003.181417244,221888.701795982,358503.124672713,243917.118819346,137784.615527377,306568.497817826,NaN,NaN,NaN,NaN,NaN,NaN,NaN,NaN,NaN,NaN,NaN,NaN,NaN,NaN,NaN,NaN,NaN,NaN,NaN,102510.544626517,99260.466967958,NaN,237828.214545425,NaN,NaN,112331.75612267,152822.068680363,125186.168557761,100457.86537372,101822.34991631,131148.922101716,105843.930560663
A2A5R2,S355,2110884.20892989,1595413.26508423,2582801.97042516,2114940.32663193,1921260.8600023,1942969.67127025,2836420.0894827,2329543.90748261,1989271.20031895,2181278.76341813,1352663.50470179,1655151.87770271,1734351.80384111,1092150.273476,815405.458033222,1515038.12841631,NaN,NaN,NaN,NaN,NaN,NaN,NaN,NaN,NaN,NaN,NaN,NaN,NaN,NaN,NaN,NaN,NaN,NaN,NaN,NaN,NaN,NaN,NaN,NaN,NaN,NaN,NaN,NaN,NaN,NaN
A2A5R2,S356,NaN,NaN,NaN,NaN,NaN,NaN,NaN,NaN,NaN,NaN,NaN,NaN,NaN,NaN,NaN,NaN,1462944.53292765,NaN,1203894.80911875,179164.663205388,1045621.61387316,883344.421417958,542755.588364708,NaN,1157239.58005803,1328035.24901234,NaN,347351.369633885,726102.096713599,NaN,1402694.15680236,1061199.31595851,NaN,NaN,NaN,NaN,NaN,NaN,NaN,NaN,NaN,NaN,NaN,NaN,NaN,NaN
A2A5R2,T243,383048.256449717,606455.22871525,377946.697602756,510680.713016004,467281.535799555,475976.168147157,353290.758476493,586664.730986438,279679.713312169,283002.115426231,691466.448907,407496.456440257,208122.216460933,428237.870389275,NaN,383743.21015808,NaN,NaN,NaN,NaN,NaN,NaN,NaN,NaN,NaN,NaN,NaN,NaN,NaN,NaN,NaN,NaN,NaN,NaN,NaN,NaN,NaN,NaN,NaN,NaN,NaN,NaN,NaN,NaN,NaN,NaN
A2A5R2,T849,19461322.7067195,39340314.6731951,43179662.2854863,29712332.3936584,53872540.6975521,24364222.8619603,30685825.8791011,79394659.7039993,29149716.5987331,26419798.8155385,26769494.5336089,36103605.285562,25918924.1796255,36213403.8047307,26923765.1237384,25117737.3921652,NaN,NaN,NaN,NaN,NaN,NaN,NaN,NaN,NaN,NaN,NaN,NaN,NaN,NaN,NaN,NaN,NaN,NaN,NaN,NaN,NaN,NaN,NaN,NaN,NaN,NaN,NaN,NaN,NaN,NaN
A2A690,S1534,14456982.5821345,23287088.0307326,25279548.2433506,22366783.5518928,19193299.4456511,21125940.0765099,27324516.6627391,30103412.2901631,15687668.4262777,24341942.7521101,25085759.5417424,17354896.5890115,33559707.4043254,27734868.7869564,14308058.0371867,18379804.6631558,NaN,NaN,NaN,NaN,NaN,NaN,NaN,NaN,NaN,NaN,NaN,NaN,NaN,NaN,NaN,NaN,NaN,6970717.03460314,5059392.73380368,NaN,613346.4480382,NaN,1661195.72780982,2946406.71797166,355059.656574736,2465498.58686278,NaN,NaN,1280509.16067817,NaN
A2A690,S1549,NaN,NaN,NaN,NaN,NaN,NaN,NaN,NaN,NaN,NaN,NaN,NaN,NaN,NaN,NaN,NaN,NaN,NaN,NaN,NaN,NaN,NaN,NaN,NaN,NaN,NaN,NaN,NaN,NaN,NaN,NaN,NaN,474985.361527669,419268.127522453,374876.909228501,535262.766416464,344225.047368378,391257.893293503,NaN,314897.217983222,NaN,148121.039133229,217821.261489943,385195.870909813,NaN,366996.543150036
A2A690,S177,9524721.4305373,9800395.77123171,12664704.6426253,8645463.3839881,8399482.15176886,10588670.6952823,9952705.36736635,16164182.2151855,7996476.31019301,10248249.362611,10026736.4684189,11034345.8513514,8816288.33619231,9034190.42006904,2820584.91772498,8661632.4578538,78633.2686448612,44475.8970443201,105942.74320245,151923.252425622,51603.3629809622,59015.7300818849,22286.0349642877,135190.975799448,94952.9911842484,137615.246817945,66704.7330939871,28113.3884452844,32669.6142279918,269575.5031975,235730.545795952,50603.4858998735,81007.0046500869,682720.227212602,142626.690400561,299492.262161593,481020.975283604,NaN,159730.358443252,183229.667773863,NaN,158632.854813652,341361.678454388,334284.695951658,433720.844745831,NaN